4.000000000e-01, 7.49118e-01
4.020000000e-01, 7.53542e-01
4.040100000e-01, 7.57799e-01
4.060300500e-01, 7.61967e-01
4.080602003e-01, 7.66066e-01
4.101005013e-01, 7.70099e-01
4.121510038e-01, 7.74083e-01
4.142117588e-01, 7.77988e-01
4.162828176e-01, 7.81768e-01
4.183642317e-01, 7.85605e-01
4.204560528e-01, 7.89411e-01
4.225583331e-01, 7.93120e-01
4.246711247e-01, 7.96736e-01
4.267944804e-01, 8.00295e-01
4.289284528e-01, 8.03839e-01
4.310730950e-01, 8.07331e-01
4.332284605e-01, 8.10747e-01
4.353946028e-01, 8.14111e-01
4.375715758e-01, 8.17400e-01
4.397594337e-01, 8.20532e-01
4.419582309e-01, 8.22903e-01
4.441680220e-01, 8.25843e-01
4.463888621e-01, 8.29316e-01
4.486208064e-01, 8.32939e-01
4.508639105e-01, 8.36114e-01
4.531182300e-01, 8.39055e-01
4.553838212e-01, 8.41949e-01
4.576607403e-01, 8.44803e-01
4.599490440e-01, 8.47563e-01
4.622487892e-01, 8.50297e-01
4.645600332e-01, 8.52997e-01
4.668828333e-01, 8.55451e-01
4.692172475e-01, 8.57528e-01
4.715633337e-01, 8.59673e-01
4.739211504e-01, 8.61455e-01
4.762907561e-01, 8.62245e-01
4.786722099e-01, 8.65445e-01
4.810655710e-01, 8.69645e-01
4.834708988e-01, 8.72649e-01
4.858882533e-01, 8.74904e-01
4.883176946e-01, 8.77257e-01
4.907592831e-01, 8.79645e-01
4.932130795e-01, 8.81971e-01
4.956791449e-01, 8.84169e-01
4.981575406e-01, 8.86172e-01
5.006483283e-01, 8.87543e-01
5.031515699e-01, 8.84859e-01
5.056673278e-01, 8.87450e-01
5.081956644e-01, 8.90787e-01
5.107366428e-01, 8.95323e-01
5.132903260e-01, 8.97836e-01
5.158567776e-01, 8.99746e-01
5.184360615e-01, 9.01537e-01
5.210282418e-01, 9.03249e-01
5.236333830e-01, 9.04489e-01
5.262515499e-01, 9.05929e-01
5.288828077e-01, 9.07333e-01
5.315272217e-01, 9.08807e-01
5.341848578e-01, 9.10641e-01
5.368557821e-01, 9.12577e-01
5.395400610e-01, 9.13322e-01
5.422377613e-01, 9.13422e-01
5.449489501e-01, 9.14772e-01
5.476736949e-01, 9.17718e-01
5.504120634e-01, 9.19816e-01
5.531641237e-01, 9.21544e-01
5.559299443e-01, 9.22847e-01
5.587095940e-01, 9.23920e-01
5.615031420e-01, 9.24821e-01
5.643106577e-01, 9.25553e-01
5.671322110e-01, 9.24464e-01
5.699678720e-01, 9.21859e-01
5.728177114e-01, 9.20998e-01
5.756818000e-01, 9.22095e-01
5.785602090e-01, 9.24512e-01
5.814530100e-01, 9.30061e-01
5.843602750e-01, 9.32967e-01
5.872820764e-01, 9.22248e-01
5.902184868e-01, 9.05684e-01
5.931695792e-01, 9.10271e-01
5.961354271e-01, 9.22098e-01
5.991161043e-01, 9.34534e-01
6.021116848e-01, 9.40523e-01
6.051222432e-01, 9.42388e-01
6.081478544e-01, 9.43627e-01
6.111885937e-01, 9.44740e-01
6.142445367e-01, 9.45715e-01
6.173157594e-01, 9.46461e-01
6.204023382e-01, 9.46832e-01
6.235043498e-01, 9.46588e-01
6.266218716e-01, 9.40203e-01
6.297549810e-01, 9.30673e-01
6.329037559e-01, 9.44151e-01
6.360682746e-01, 9.48940e-01
6.392486160e-01, 9.52046e-01
6.424448591e-01, 9.53377e-01
6.456570834e-01, 9.45544e-01
6.488853688e-01, 9.33686e-01
6.521297956e-01, 9.42625e-01
6.553904446e-01, 9.44745e-01
6.586673968e-01, 9.54281e-01
6.619607338e-01, 9.59546e-01
6.652705375e-01, 9.60931e-01
6.685968902e-01, 9.62259e-01
6.719398746e-01, 9.63172e-01
6.752995740e-01, 9.63940e-01
6.786760719e-01, 9.64573e-01
6.820694522e-01, 9.64781e-01
6.854797995e-01, 9.40766e-01
6.889071985e-01, 8.65530e-01
6.923517345e-01, 9.27680e-01
6.958134932e-01, 9.30431e-01
6.992925606e-01, 9.31227e-01
7.027890234e-01, 9.39151e-01
7.063029686e-01, 9.52098e-01
7.098344834e-01, 9.59987e-01
7.133836558e-01, 9.59060e-01
7.169505741e-01, 8.76237e-01
7.205353270e-01, 8.63213e-01
7.241380036e-01, 8.56913e-01
7.277586936e-01, 8.63004e-01
7.313974871e-01, 8.97313e-01
7.350544745e-01, 9.43248e-01
7.387297469e-01, 9.58160e-01
7.424233956e-01, 9.71906e-01
7.461355126e-01, 9.74961e-01
7.498661902e-01, 9.75659e-01
7.536155211e-01, 9.76028e-01
7.573835987e-01, 9.45069e-01
7.611705167e-01, 5.46923e-01
7.649763693e-01, 7.68455e-01
7.688012511e-01, 9.52930e-01
7.726452574e-01, 9.78149e-01
7.765084837e-01, 9.79469e-01
7.803910261e-01, 9.79779e-01
7.842929812e-01, 9.78714e-01
7.882144461e-01, 9.59908e-01
7.921555184e-01, 9.60090e-01
7.961162960e-01, 9.56269e-01
8.000968774e-01, 9.50768e-01
8.040973618e-01, 9.62319e-01
8.081178486e-01, 9.66419e-01
8.121584379e-01, 9.19088e-01
8.162192301e-01, 8.38117e-01
8.203003262e-01, 8.95714e-01
8.244018279e-01, 8.95878e-01
8.285238370e-01, 8.92054e-01
8.326664562e-01, 9.26763e-01
8.368297885e-01, 9.59220e-01
8.410139374e-01, 9.68504e-01
8.452190071e-01, 9.78609e-01
8.494451021e-01, 9.78942e-01
8.536923276e-01, 9.81012e-01
8.579607893e-01, 9.84389e-01
8.622505932e-01, 9.86126e-01
8.665618462e-01, 9.86773e-01
8.708946554e-01, 9.87051e-01
8.752491287e-01, 9.87099e-01
8.796253743e-01, 9.85816e-01
8.840235012e-01, 9.84145e-01
8.884436187e-01, 9.81232e-01
8.928858368e-01, 9.55308e-01
8.973502660e-01, 8.15702e-01
9.018370173e-01, 8.45215e-01
9.063462024e-01, 8.44908e-01
9.108779334e-01, 8.21347e-01
9.154323231e-01, 8.32046e-01
9.200094847e-01, 8.87092e-01
9.246095321e-01, 8.88026e-01
9.292325798e-01, 7.39926e-01
9.338787427e-01, 4.37449e-01
9.385481364e-01, 5.68249e-01
9.432408771e-01, 5.82606e-01
9.479570815e-01, 5.85403e-01
9.526968669e-01, 6.30157e-01
9.574603512e-01, 6.85277e-01
9.622476530e-01, 7.36484e-01
9.670588912e-01, 8.20066e-01
9.718941857e-01, 8.70912e-01
9.767536566e-01, 8.69705e-01
9.816374249e-01, 9.28537e-01
9.865456120e-01, 9.69170e-01
9.914783401e-01, 9.80642e-01
9.964357318e-01, 9.88330e-01
1.001417910e+00, 9.83025e-01
1.006425000e+00, 9.84589e-01
1.011457125e+00, 9.85876e-01
1.016514411e+00, 9.88120e-01
1.021596983e+00, 9.85824e-01
1.026704968e+00, 9.90188e-01
1.031838492e+00, 9.92552e-01
1.036997685e+00, 9.93046e-01
1.042182673e+00, 9.91495e-01
1.047393587e+00, 9.90851e-01
1.052630555e+00, 9.89275e-01
1.057893707e+00, 9.87105e-01
1.063183176e+00, 9.83855e-01
1.068499092e+00, 9.82849e-01
1.073841587e+00, 9.82000e-01
1.079210795e+00, 9.75878e-01
1.084606849e+00, 9.56361e-01
1.090029883e+00, 9.59506e-01
1.095480033e+00, 9.27099e-01
1.100957433e+00, 8.68449e-01
1.106462220e+00, 8.38297e-01
1.111994531e+00, 7.50133e-01
1.117554504e+00, 4.57610e-01
1.123142276e+00, 4.41619e-01
1.128757988e+00, 4.46735e-01
1.134401778e+00, 3.48610e-01
1.140073787e+00, 6.24874e-01
1.145774156e+00, 4.34335e-01
1.151503026e+00, 5.79008e-01
1.157260541e+00, 7.46771e-01
1.163046844e+00, 8.43771e-01
1.168862078e+00, 8.90941e-01
1.174706389e+00, 8.75716e-01
1.180579921e+00, 8.62669e-01
1.186482820e+00, 8.70522e-01
1.192415234e+00, 9.19494e-01
1.198377311e+00, 9.00864e-01
1.204369197e+00, 9.11459e-01
1.210391043e+00, 9.24408e-01
1.216442998e+00, 9.44672e-01
1.222525213e+00, 9.53823e-01
1.228637839e+00, 9.73383e-01
1.234781029e+00, 9.86361e-01
1.240954934e+00, 9.89385e-01
1.247159708e+00, 9.86830e-01
1.253395507e+00, 9.77354e-01
1.259662485e+00, 9.48394e-01
1.265960797e+00, 9.01555e-01
1.272290601e+00, 9.26448e-01
1.278652054e+00, 9.69991e-01
1.285045314e+00, 9.83578e-01
1.291470541e+00, 9.72934e-01
1.297927893e+00, 9.52075e-01
1.304417533e+00, 9.15148e-01
1.310939621e+00, 8.74140e-01
1.317494319e+00, 8.50014e-01
1.324081790e+00, 8.06372e-01
1.330702199e+00, 6.39805e-01
1.337355710e+00, 6.66541e-01
1.344042489e+00, 5.01470e-01
1.350762701e+00, 1.74083e-01
1.357516515e+00, 1.63463e-02
1.364304097e+00, 3.81844e-03
1.371125618e+00, 8.92995e-03
1.377981246e+00, 2.51459e-02
1.384871152e+00, 1.85737e-02
1.391795508e+00, 3.64207e-02
1.398754485e+00, 3.86033e-02
1.405748258e+00, 6.58818e-02
1.412776999e+00, 1.37684e-01
1.419840884e+00, 1.84154e-01
1.426940089e+00, 2.75644e-01
1.434074789e+00, 3.01540e-01
1.441245163e+00, 3.52638e-01
1.448451389e+00, 3.91470e-01
1.455693646e+00, 5.63949e-01
1.462972114e+00, 5.14498e-01
1.470286975e+00, 3.79353e-01
1.477638409e+00, 5.12457e-01
1.485026601e+00, 6.02388e-01
1.492451734e+00, 7.53311e-01
1.499913993e+00, 8.73574e-01
1.507413563e+00, 8.81001e-01
1.514950631e+00, 9.28079e-01
1.522525384e+00, 9.66276e-01
1.530138011e+00, 9.75863e-01
1.537788701e+00, 9.82405e-01
1.545477645e+00, 9.89458e-01
1.553205033e+00, 9.93931e-01
1.560971058e+00, 9.93112e-01
1.568775913e+00, 9.67359e-01
1.576619793e+00, 9.54850e-01
1.584502892e+00, 9.88171e-01
1.592425406e+00, 9.94076e-01
1.600387533e+00, 9.55039e-01
1.608389471e+00, 9.60382e-01
1.616431418e+00, 9.89984e-01
1.624513575e+00, 9.95949e-01
1.632636143e+00, 9.91139e-01
1.640799324e+00, 9.83777e-01
1.649003321e+00, 9.77251e-01
1.657248337e+00, 9.90283e-01
1.665534579e+00, 9.69821e-01
1.673862252e+00, 9.88505e-01
1.682231563e+00, 9.88771e-01
1.690642721e+00, 9.83240e-01
1.699095934e+00, 9.78851e-01
1.707591414e+00, 9.64733e-01
1.716129371e+00, 9.68623e-01
1.724710018e+00, 9.56009e-01
1.733333568e+00, 9.41778e-01
1.742000236e+00, 9.32547e-01
1.750710237e+00, 9.13076e-01
1.759463788e+00, 8.88385e-01
1.768261107e+00, 8.70786e-01
1.777102413e+00, 7.58761e-01
1.785987925e+00, 7.34396e-01
1.794917864e+00, 6.14760e-01
1.803892454e+00, 3.67786e-01
1.812911916e+00, 1.99737e-01
1.821976476e+00, 1.42363e-01
1.831086358e+00, 1.75866e-02
1.840241790e+00, 6.53092e-03
1.849442999e+00, 8.15834e-03
1.858690214e+00, 7.47431e-03
1.867983665e+00, 9.09705e-03
1.877323583e+00, 1.92629e-02
1.886710201e+00, 4.00787e-02
1.896143752e+00, 3.01014e-02
1.905624471e+00, 1.88839e-02
1.915152593e+00, 3.64500e-02
1.924728356e+00, 1.06652e-01
1.934351998e+00, 1.78069e-01
1.944023758e+00, 3.18046e-01
1.953743877e+00, 4.22141e-01
1.963512596e+00, 5.56166e-01
1.973330159e+00, 7.49518e-01
1.983196810e+00, 8.06073e-01
1.993112794e+00, 8.32616e-01
2.003078358e+00, 4.02088e-01
2.013093750e+00, 4.92887e-01
2.023159218e+00, 7.85645e-01
2.033275015e+00, 9.23912e-01
2.043441390e+00, 9.14254e-01
2.053658597e+00, 7.20137e-01
2.063926890e+00, 7.72176e-01
2.074246524e+00, 8.75361e-01
2.084617757e+00, 9.40539e-01
2.095040845e+00, 9.61568e-01
2.105516050e+00, 9.74153e-01
2.116043630e+00, 9.65364e-01
2.126623848e+00, 9.76924e-01
2.137256967e+00, 9.91923e-01
2.147943252e+00, 9.59597e-01
2.158682968e+00, 9.65915e-01
2.169476383e+00, 9.64580e-01
2.180323765e+00, 9.54843e-01
2.191225384e+00, 9.63904e-01
2.202181511e+00, 9.41350e-01
2.213192418e+00, 9.75970e-01
2.224258381e+00, 9.77593e-01
2.235379672e+00, 9.74774e-01
2.246556571e+00, 9.64155e-01
2.257789354e+00, 9.46259e-01
2.269078300e+00, 9.42683e-01
2.280423692e+00, 9.40013e-01
2.291825810e+00, 9.23603e-01
2.303284939e+00, 9.28361e-01
2.314801364e+00, 9.00088e-01
2.326375371e+00, 9.34699e-01
2.338007248e+00, 8.88142e-01
2.349697284e+00, 8.54405e-01
2.361445770e+00, 9.02670e-01
2.373252999e+00, 8.05100e-01
2.385119264e+00, 8.22948e-01
2.397044861e+00, 8.47482e-01
2.409030085e+00, 7.62947e-01
2.421075235e+00, 6.97677e-01
2.433180612e+00, 6.48839e-01
2.445346515e+00, 6.00678e-01
2.457573247e+00, 7.64390e-01
2.469861113e+00, 5.84512e-01
2.482210419e+00, 3.85107e-01
2.494621471e+00, 3.28366e-01
2.507094578e+00, 2.72307e-01
2.519630051e+00, 1.34215e-01
2.532228202e+00, 1.96773e-02
2.544889343e+00, 4.30074e-03
2.557613789e+00, 9.31627e-04
2.570401858e+00, 1.28145e-07
2.583253867e+00, 1.01981e-10
2.596170137e+00, 4.93720e-14
2.609150988e+00, 9.51495e-15
2.622196742e+00, 3.97408e-15
2.635307726e+00, 5.55423e-08
2.648484265e+00, 1.43838e-08
2.661726686e+00, 5.21483e-16
2.675035320e+00, 3.96576e-16
2.688410496e+00, 3.06838e-14
2.701852549e+00, 5.73084e-13
2.715361811e+00, 1.29690e-11
2.728938620e+00, 9.51758e-09
2.742583314e+00, 8.97118e-09
2.756296230e+00, 4.43852e-10
2.770077711e+00, 1.48814e-07
2.783928100e+00, 6.63361e-06
2.797847740e+00, 2.32220e-04
2.811836979e+00, 1.95896e-03
2.825896164e+00, 3.78184e-02
2.840025645e+00, 3.29543e-02
2.854225773e+00, 4.57916e-02
2.868496902e+00, 1.03243e-01
2.882839386e+00, 1.77291e-01
2.897253583e+00, 2.86455e-01
2.911739851e+00, 2.77416e-01
2.926298550e+00, 4.21146e-01
2.940930043e+00, 3.57315e-01
2.955634693e+00, 4.05059e-01
2.970412867e+00, 2.01418e-01
2.985264931e+00, 5.55056e-01
3.000191256e+00, 4.84544e-01
3.015192212e+00, 4.09585e-01
3.030268173e+00, 4.03437e-01
3.045419514e+00, 2.86836e-01
3.060646612e+00, 3.24548e-01
3.075949845e+00, 4.30417e-01
3.091329594e+00, 2.32183e-01
3.106786242e+00, 2.14383e-01
3.122320173e+00, 3.76962e-01
3.137931774e+00, 4.91494e-01
3.153621433e+00, 5.59364e-01
3.169389540e+00, 8.12545e-01
3.185236488e+00, 5.60904e-01
3.201162670e+00, 1.94374e-01
3.217168483e+00, 2.19581e-01
3.233254326e+00, 4.44689e-01
3.249420598e+00, 5.36465e-01
3.265667701e+00, 3.72281e-01
3.281996039e+00, 7.00965e-01
3.298406019e+00, 3.71868e-01
3.314898049e+00, 2.88423e-01
3.331472540e+00, 6.61072e-01
3.348129902e+00, 6.20865e-01
3.364870552e+00, 6.78728e-01
3.381694905e+00, 7.73173e-01
3.398603379e+00, 8.16160e-01
3.415596396e+00, 8.48244e-01
3.432674378e+00, 8.63496e-01
3.449837750e+00, 8.55522e-01
3.467086939e+00, 8.91240e-01
3.484422373e+00, 8.91910e-01
3.501844485e+00, 9.20778e-01
3.519353708e+00, 9.02305e-01
3.536950476e+00, 8.41623e-01
3.554635228e+00, 8.69391e-01
3.572408405e+00, 8.46343e-01
3.590270447e+00, 8.54704e-01
3.608221799e+00, 8.73685e-01
3.626262908e+00, 8.90132e-01
3.644394222e+00, 9.35743e-01
3.662616193e+00, 8.78547e-01
3.680929274e+00, 8.07094e-01
3.699333921e+00, 9.51771e-01
3.717830590e+00, 9.19979e-01
3.736419743e+00, 9.08151e-01
3.755101842e+00, 8.87534e-01
3.773877351e+00, 9.20995e-01
3.792746738e+00, 9.03747e-01
3.811710472e+00, 9.09334e-01
3.830769024e+00, 9.28900e-01
3.849922869e+00, 9.26269e-01
3.869172484e+00, 8.72685e-01
3.888518346e+00, 8.69439e-01
3.907960938e+00, 8.91843e-01
3.927500742e+00, 8.90220e-01
3.947138246e+00, 9.30873e-01
3.966873937e+00, 9.48075e-01
3.986708307e+00, 9.44124e-01
4.006641849e+00, 9.24523e-01
4.026675058e+00, 8.90089e-01
4.046808433e+00, 8.61961e-01
4.067042475e+00, 8.47363e-01
4.087377688e+00, 8.11093e-01
4.107814576e+00, 8.01607e-01
4.128353649e+00, 7.87156e-01
4.148995417e+00, 7.63588e-01
4.169740394e+00, 4.19700e-01
4.190589096e+00, 9.77060e-03
4.211542042e+00, 3.67252e-17
4.232599752e+00, 0.00000e+00
4.253762751e+00, 4.39486e-13
4.275031564e+00, 9.42482e-24
4.296406722e+00, 4.33648e-89
4.317888756e+00, 1.10492e-33
4.339478200e+00, 1.81619e-12
4.361175591e+00, 5.99236e-06
4.382981469e+00, 1.36363e-04
4.404896376e+00, 1.62472e-04
4.426920858e+00, 1.12419e-02
4.449055462e+00, 7.01135e-02
4.471300739e+00, 1.11522e-01
4.493657243e+00, 3.20059e-01
4.516125529e+00, 2.18040e-01
4.538706157e+00, 3.16566e-01
4.561399688e+00, 5.00541e-01
4.584206686e+00, 7.12754e-01
4.607127720e+00, 8.16718e-01
4.630163358e+00, 8.47166e-01
4.653314175e+00, 8.52252e-01
4.676580746e+00, 7.64543e-01
4.699963650e+00, 8.53270e-01
4.723463468e+00, 7.77822e-01
4.747080785e+00, 8.26858e-01
4.770816189e+00, 7.90876e-01
4.794670270e+00, 7.64102e-01
4.818643622e+00, 6.42084e-01
4.842736840e+00, 5.48953e-01
4.866950524e+00, 7.67681e-01
4.891285276e+00, 5.85736e-01
4.915741703e+00, 8.02994e-01
4.940320411e+00, 5.95009e-01
4.965022013e+00, 6.15541e-01
4.989847123e+00, 6.70855e-01
5.014796359e+00, 2.74727e-01
5.039870341e+00, 6.57388e-01
5.065069693e+00, 6.76442e-01
5.090395041e+00, 3.68887e-01
5.115847016e+00, 4.39306e-01
5.141426251e+00, 1.03380e-01
5.167133383e+00, 3.94760e-01
5.192969049e+00, 2.23741e-01
5.218933895e+00, 8.57784e-02
5.245028564e+00, 1.20333e-01
5.271253707e+00, 1.27681e-01
5.297609976e+00, 5.83129e-02
5.324098025e+00, 1.90750e-01
5.350718516e+00, 1.43008e-02
5.377472108e+00, 6.55550e-02
5.404359469e+00, 3.55880e-02
5.431381266e+00, 1.56138e-03
5.458538172e+00, 4.44493e-04
5.485830863e+00, 1.48188e-02
5.513260018e+00, 1.10900e-02
5.540826318e+00, 6.61966e-04
5.568530449e+00, 9.28308e-08
5.596373101e+00, 5.13996e-05
5.624354967e+00, 1.12072e-06
5.652476742e+00, 3.90268e-07
5.680739126e+00, 6.12493e-08
5.709142821e+00, 1.92404e-08
5.737688535e+00, 4.02446e-15
5.766376978e+00, 1.29349e-09
5.795208863e+00, 2.88905e-08
5.824184907e+00, 1.76452e-12
5.853305832e+00, 2.87561e-14
5.882572361e+00, 8.62382e-23
5.911985223e+00, 1.90855e-19
5.941545149e+00, 2.63335e-19
5.971252874e+00, 1.80652e-19
6.001109139e+00, 2.97700e-17
6.031114685e+00, 3.68581e-17
6.061270258e+00, 1.00491e-20
6.091576609e+00, 7.63092e-17
6.122034492e+00, 1.38775e-14
6.152644665e+00, 1.40674e-16
6.183407888e+00, 2.02295e-11
6.214324928e+00, 1.12226e-07
6.245396552e+00, 4.24447e-06
6.276623535e+00, 8.32946e-07
6.308006653e+00, 9.24553e-07
6.339546686e+00, 2.58665e-11
6.371244419e+00, 1.22212e-21
6.403100641e+00, 3.73591e-30
6.435116145e+00, 1.45843e-19
6.467291725e+00, 1.47882e-19
6.499628184e+00, 1.47686e-34
6.532126325e+00, 2.58479e-19
6.564786956e+00, 1.42854e-38
6.597610891e+00, 1.05636e-20
6.630598946e+00, 1.11733e-20
6.663751940e+00, 6.19425e-23
6.697070700e+00, 1.32854e-15
6.730556054e+00, 1.57838e-08
6.764208834e+00, 3.96689e-08
6.798029878e+00, 3.38204e-11
6.832020027e+00, 3.95955e-11
6.866180128e+00, 9.26366e-12
6.900511028e+00, 9.05324e-06
6.935013583e+00, 1.18644e-04
6.969688651e+00, 5.67933e-08
7.004537095e+00, 3.59196e-05
7.039559780e+00, 1.01429e-05
7.074757579e+00, 1.77097e-03
7.110131367e+00, 1.69933e-03
7.145682024e+00, 1.16134e-04
7.181410434e+00, 3.75185e-04
7.217317486e+00, 1.86658e-02
7.253404073e+00, 9.30078e-03
7.289671094e+00, 8.97014e-03
7.326119449e+00, 1.61747e-02
7.362750046e+00, 7.40254e-02
7.399563797e+00, 1.32179e-01
7.436561616e+00, 1.87970e-01
7.473744424e+00, 6.46278e-02
7.511113146e+00, 3.24582e-01
7.548668712e+00, 2.91608e-01
7.586412055e+00, 2.49086e-02
7.624344115e+00, 2.40337e-01
7.662465836e+00, 1.88879e-01
7.700778165e+00, 3.45966e-01
7.739282056e+00, 4.33576e-01
7.777978466e+00, 4.17168e-01
7.816868359e+00, 5.04873e-01
7.855952700e+00, 2.31776e-01
7.895232464e+00, 3.25927e-01
7.934708626e+00, 4.27203e-01
7.974382169e+00, 6.29460e-01
8.014254080e+00, 6.84366e-01
8.054325351e+00, 6.96428e-01
8.094596977e+00, 8.56219e-01
8.135069962e+00, 8.22479e-01
8.175745312e+00, 7.48240e-01
8.216624039e+00, 8.06746e-01
8.257707159e+00, 7.42765e-01
8.298995695e+00, 9.30212e-01
8.340490673e+00, 8.13233e-01
8.382193126e+00, 8.98579e-01
8.424104092e+00, 8.00480e-01
8.466224613e+00, 9.03427e-01
8.508555736e+00, 7.03102e-01
8.551098514e+00, 9.11709e-01
8.593854007e+00, 8.93865e-01
8.636823277e+00, 9.38429e-01
8.680007393e+00, 8.10277e-01
8.723407430e+00, 9.49032e-01
8.767024467e+00, 9.29325e-01
8.810859590e+00, 8.42606e-01
8.854913888e+00, 9.71279e-01
8.899188457e+00, 9.38809e-01
8.943684399e+00, 9.47807e-01
8.988402821e+00, 8.87616e-01
9.033344836e+00, 9.03540e-01
9.078511560e+00, 8.75242e-01
9.123904118e+00, 9.71230e-01
9.169523638e+00, 9.41780e-01
9.215371256e+00, 9.38826e-01
9.261448113e+00, 9.32418e-01
9.307755353e+00, 8.97723e-01
9.354294130e+00, 9.19625e-01
9.401065601e+00, 8.53182e-01
9.448070929e+00, 7.38559e-01
9.495311283e+00, 6.85921e-01
9.542787840e+00, 7.95462e-01
9.590501779e+00, 8.63758e-01
9.638454288e+00, 7.93138e-01
9.686646559e+00, 7.92676e-01
9.735079792e+00, 7.96249e-01
9.783755191e+00, 8.20130e-01
9.832673967e+00, 8.45437e-01
9.881837337e+00, 8.76032e-01
9.931246523e+00, 9.25862e-01
9.980902756e+00, 9.36541e-01
1.003080727e+01, 9.51445e-01
1.008096131e+01, 9.59427e-01
1.013136611e+01, 9.57307e-01
1.018202294e+01, 9.49162e-01
1.023293306e+01, 9.14339e-01
1.028409772e+01, 9.23320e-01
1.033551821e+01, 9.37786e-01
1.038719580e+01, 9.56349e-01
1.043913178e+01, 9.43211e-01
1.049132744e+01, 9.28741e-01
1.054378408e+01, 8.99685e-01
1.059650300e+01, 9.39263e-01
1.064948551e+01, 9.45642e-01
1.070273294e+01, 9.49436e-01
1.075624661e+01, 9.49234e-01
1.081002784e+01, 9.13005e-01
1.086407798e+01, 9.32202e-01
1.091839837e+01, 9.47516e-01
1.097299036e+01, 9.36137e-01
1.102785531e+01, 9.17631e-01
1.108299459e+01, 9.50593e-01
1.113840956e+01, 9.45770e-01
1.119410161e+01, 9.46167e-01
1.125007212e+01, 8.94595e-01
1.130632248e+01, 9.01807e-01
1.136285409e+01, 9.20096e-01
1.141966836e+01, 9.41173e-01
1.147676670e+01, 8.86724e-01
1.153415054e+01, 9.09929e-01
1.159182129e+01, 9.36685e-01
1.164978039e+01, 9.35692e-01
1.170802930e+01, 8.07522e-01
1.176656944e+01, 8.64136e-01
1.182540229e+01, 9.36564e-01
1.188452930e+01, 8.55299e-01
1.194395195e+01, 9.30720e-01
1.200367171e+01, 9.33006e-01
1.206369007e+01, 8.94098e-01
1.212400852e+01, 8.96223e-01
1.218462856e+01, 9.26068e-01
1.224555170e+01, 9.04420e-01
1.230677946e+01, 8.77640e-01
1.236831336e+01, 8.37647e-01
1.243015492e+01, 8.17414e-01
1.249230570e+01, 7.55634e-01
1.255476723e+01, 6.29760e-01
1.261754106e+01, 7.44542e-01
1.268062877e+01, 9.03580e-01
1.274403191e+01, 7.53695e-01
1.280775207e+01, 8.64139e-01
1.287179083e+01, 7.14948e-01
1.293614979e+01, 8.70714e-01
1.300083054e+01, 7.70985e-01
1.306583469e+01, 8.21583e-01
1.313116386e+01, 7.64943e-01
1.319681968e+01, 6.83057e-01
1.326280378e+01, 5.59026e-01
1.332911780e+01, 5.35118e-01
1.339576339e+01, 4.60392e-01
1.346274221e+01, 2.84188e-01
1.353005592e+01, 2.46662e-01
1.359770620e+01, 2.62451e-01
1.366569473e+01, 2.46970e-01
1.373402320e+01, 2.96089e-01
1.380269332e+01, 2.81743e-01
1.387170678e+01, 3.33110e-02
1.394106532e+01, 1.25967e-01
1.401077064e+01, 7.44269e-02
1.408082450e+01, 2.88653e-02
1.415122862e+01, 5.75262e-03
1.422198476e+01, 6.91671e-04
1.429309469e+01, 5.49240e-05
1.436456016e+01, 2.57840e-06
1.443638296e+01, 4.10419e-08
1.450856487e+01, 4.00756e-11
1.458110770e+01, 2.39225e-17
1.465401324e+01, 4.82922e-19
1.472728330e+01, 3.37321e-23
1.480091972e+01, 1.58233e-23
1.487492432e+01, 1.42943e-23
1.494929894e+01, 4.19329e-41
1.502404544e+01, 6.17069e-24
1.509916566e+01, 1.10615e-19
1.517466149e+01, 1.34522e-19
1.525053480e+01, 2.15756e-19
1.532678747e+01, 5.65738e-17
1.540342141e+01, 1.77371e-11
1.548043852e+01, 1.02523e-09
1.555784071e+01, 4.87923e-07
1.563562991e+01, 2.31104e-06
1.571380806e+01, 4.83833e-05
1.579237710e+01, 3.84064e-04
1.587133899e+01, 2.98747e-03
1.595069568e+01, 2.35281e-02
1.603044916e+01, 7.21028e-02
1.611060141e+01, 1.37298e-01
1.619115441e+01, 8.87859e-03
1.627211019e+01, 8.75935e-02
1.635347074e+01, 1.81635e-01
1.643523809e+01, 1.54726e-01
1.651741428e+01, 1.86064e-01
1.660000135e+01, 2.23259e-01
1.668300136e+01, 1.91864e-01
1.676641637e+01, 1.73163e-01
1.685024845e+01, 1.03362e-01
1.693449969e+01, 2.09069e-01
1.701917219e+01, 3.86090e-01
1.710426805e+01, 2.46787e-01
1.718978939e+01, 1.26909e-01
1.727573834e+01, 3.09617e-01
1.736211703e+01, 1.30922e-01
1.744892761e+01, 3.90872e-01
1.753617225e+01, 8.25707e-02
1.762385311e+01, 7.26713e-02
1.771197238e+01, 2.63659e-01
1.780053224e+01, 4.31056e-01
1.788953490e+01, 4.52678e-01
1.797898258e+01, 3.05458e-01
1.806887749e+01, 3.01004e-01
1.815922188e+01, 1.60032e-01
1.825001799e+01, 7.64547e-02
1.834126808e+01, 7.03960e-02
1.843297442e+01, 2.73488e-01
1.852513929e+01, 3.29730e-01
1.861776499e+01, 1.64767e-01
1.871085381e+01, 2.79579e-01
1.880440808e+01, 3.89270e-01
1.889843012e+01, 2.36786e-01
1.899292227e+01, 2.38370e-02
1.908788688e+01, 1.59643e-01
1.918332632e+01, 1.41763e-01
1.927924295e+01, 4.20189e-03
1.937563916e+01, 2.22936e-02
1.947251736e+01, 2.16830e-01
1.956987994e+01, 9.43134e-02
1.966772934e+01, 5.15065e-02
1.976606799e+01, 2.08840e-02
1.986489833e+01, 9.21841e-03
1.996422282e+01, 4.60697e-02