19.964221954345703,0.9999724306300104
18.796074888009098,0.9800136768536012
17.75707260115796,0.9802178834590781
16.82692048338508,0.5812312818712253
15.989364561699137,0.01165733562000295
15.231233572387616,0.0
14.54174121566493,3.2186156261951085e-26
13.911969717412616,7.562309801171875e-07
13.33448201544215,0.02952415558442325
12.803026685323099,0.9842484262842277
12.31231072404338,0.9910343896266504
11.857822657504231,0.999654150721017
11.435693431425367,0.9997439743103018
11.042585993900602,0.9986623980248559
10.675606895021376,0.9392707866931468
10.332234946444387,0.9556853502205767
10.010263219565449,0.9999153829016726
9.707751560636751,0.9983042614627202
9.422987463322853,0.9956122182537297
9.154453631518614,0.988039761844595
8.900800934807114,0.9999999986814209
8.66082573881772,0.999999439077043
8.433450806496559,0.9999996981292871
8.217709130840252,0.999999995901679
8.01273018724501,1.0
7.817728193275849,1.0
7.631992042005353,1.0
7.454876637052616,1.0
7.28579540678236,1.0
7.124213814607494,1.0
6.969643714111755,0.9999999989267415
6.821638423410052,0.9999999996118009
6.679788414055007,1.0
6.543717526859296,1.0
6.4130796409988164,0.9999999978918448
6.287555734291912,0.9999999840248902
6.1668512820877925,0.9999999910579822
6.050693950118462,1.0
5.9388315432714816,0.999999990713652
5.831030177765391,0.9999999341312144
5.727072648847464,0.9999990109785178
5.6267569700403826,0.9999995830227117
5.529895063265882,0.9999842149482218
5.436311581972156,0.9999701345033009
5.3458428517712475,0.9997279852694565
5.25833591512169,0.9852172199355336
5.17364766832645,0.7337605272295752
5.091644080603641,0.9985359641566854
5.01219948626597,0.9995854118925369
4.935195942146625,0.9983033522918314
4.860522643360996,0.956032947568913
4.788075391317651,0.9187981572127518
4.717756108607151,0.9339633368611973
4.649472396019166,0.9980806640807454
4.583137127480541,0.9992025321325244
4.518668079180352,0.9944357791214463
4.455987589562434,0.9968213568405128
4.395022247229094,0.37042040493574563
4.335702604119042,5.950942556346153e-84
4.277962911603413,0.0
4.221740877391548,0.0
4.166977441356937,0.9998410775328085
4.113616568587327,0.9997970639375018
4.061605058134574,0.9995278698245224
4.010892366092032,0.9999985479785892
3.961430441762707,0.9999999999399122
3.913173575801874,0.9999999994009713
3.8660782593253993,0.9999999961924108
3.8201030530709064,0.9999999695376884
3.7752084657848104,1.0
3.7313568410850526,1.0
3.688512252118301,0.9999999995886901
3.646640403392234,1.0
3.605708539219147,1.0
3.5656853582571912,1.0
3.526540933680652,0.9999999342440623
3.488246638551404,0.9999999535485674
3.450775076000421,1.0
3.41410001386151,1.0
3.3781963234294987,0.9999999303599433
3.3430399220424434,0.9999996897968149
3.3086077192121337,0.9999996623943028
3.2748775660496903,0.9999996588911353
3.241828207753478,0.9999991433702543
3.209439238945167,0.9999955345199226
3.17769106165672,0.9998393074720054
3.1465648457865414,0.9999479797232325
3.116042491857136,0.9998891182926058
3.0861065959194884,0.9999961495347253
3.056740416461183,0.9999505118824302
3.027927843186049,0.9997552463148476
2.999653367543007,0.999891355040011
2.9719020548908204,0.9598120824248049
2.9446595181937996,0.9999856889151789
2.9179118931511017,0.9994096425369868
2.8916458146693005,0.9998234561018161
2.8658483945943347,0.9988391699184843
2.8405072006248835,0.9725188951710769
2.8156102363346878,0.03666822498451692
2.7911459222363617,0.00762303441576515
2.7671030778239007,0.010457519847586654
2.7434709045353722,0.08385358411515215
2.720238969581252,0.14443756638473398
2.6973971905875103,1.4298260366141083e-15
2.6749358210059753,1.619842595915146e-11
2.6528454362475964,0.9999630446063891
2.631116920497187,0.9990408307002612
2.6097414541708646,0.987829440328359
2.5887105019799552,0.9999717954538356
2.5680158015674106,0.9999913516336572
2.5476493526849633,0.9999977478228411
2.5276034068812323,0.9999945566536879
2.5078704576728548,0.9999728466016294
2.488443231172458,0.9997810561860119
2.469314677148881,0.9999961935886142
2.4504779604965763,1.0
2.4319264530924896,1.0
2.4136537260200575,0.9999999991235786
2.395653542141148,0.9999999990316867
2.37791984899791,1.0
2.360446772027577,0.9999999990641074
2.343228608074229,0.9999999913538828
2.3262598191824697,0.999999996738258
2.309535026658831,0.9999998438370828
2.2930490053875183,0.9999998204993334
2.2767966783878886,0.9999927084049545
2.2607731116017473,0.9999783751695543
2.2449735088992195,0.9999994577061324
2.229393207292579,0.9999999597007936
2.2140276723480072,0.9999979264428477
2.1988724937857853,0.9999929556800204
2.1839233812599663,0.9999900252057894
2.169176160309036,0.999948503446969
2.15462676846953,0.9999958983981964
2.140271251545021,0.9999953142388512
2.1261057600232616,0.9998623739806664
2.1121265456346783,0.9992003614657818
2.098329958045739,0.9936433158715163
2.0847124416810825,0.9836329923762281
2.071270532668587,0.9562940089324432
2.058000855901866,0.5419175596904474
2.0449001222149623,0.9970731076310979
2.031965125664275,0.9935153322027981
2.0191927409129877,0.8614552873038522
2.006579920713536,0.7150838518319701
1.9941236934838333,0.9936760485007231
1.981821160973223,0.9818906981021804
1.9696694960142966,0.9400829563142306
1.9576659403569148,0.6407962757388034
1.945807802580952,0.9739236678113132
1.9340924560844412,0.9998237122533639
1.92251733714396,0.9999540785927608
1.911079943044254,0.9999158893112109
1.8997778302742285,0.9997515307693958
1.8886086127865742,0.9996709803889177
1.8775699603184297,0.9903951576472031
1.8666595967705928,0.9999983517538997
1.8558752986429157,0.9999999631658103
1.845214893523624,0.9999999964499587
1.834676258630402,0.9999999567658981
1.8242573194011913,0.9999996817827961
1.8139560481327321,0.9999986961709554
1.8037704626649729,0.9999993285597395
1.7936986251095575,0.999996552385998
1.7837386406206746,0.9999996496384281
1.7738886562066292,0.999996340845506
1.764146859580578,0.999992914951594
1.7545114780489235,0.9999748924053429
1.7449807774359392,0.9999999966573324
1.7355530610432566,0.9999999928386323
1.7262266686428982,0.9999994796513151
1.7169999755026044,0.9999998820012788
1.707871391442255,0.9999995358806011
1.6988393599202258,0.999997113530301
1.68990235714859,0.9999987900964523
1.6810588912360949,0.9999940723570274
1.672307501357911,0.9999852572010482
1.6636467569511815,0.999932608877706
1.6550752569354366,0.9998430712246239
1.6465916289569855,0.9995262589037368
1.6381945286564297,0.9987671752564798
1.6298826389584733,0.9999862330276729
1.6216546693832452,0.9978526372294907
1.613509355378378,0.9939599570911739
1.6054454576711104,0.9934354563892657
1.5974617616397273,0.9996205661672471
1.5895570767036564,0.9998901562243437
1.5817302357315874,0.9966904750898858
1.5739800944669893,0.9847317587377133
1.5663055309704346,0.9998368742357101
1.558705445078161,0.999921717235322
1.5511787578763188,0.9999974004855257
1.5437244111903767,0.993839023928435
1.5363413670891821,0.9995509113205149
1.5290286074031831,0.9998431557814481
1.521785133256344,0.999979468060057
1.5146099646113051,0.9999991261850032
1.5075021398273474,0.9999994002751607
1.5004607152307454,0.9999758138707785
1.493484764697108,0.9999428573610031
1.4865733792453115,0.999998032045908
1.4797256666426604,0.9999999597328166
1.4729407510209072,0.9999989930162193
1.466217772502789,0.9999908173307881
1.4595558868387468,0.9999828781952111
1.4529542650535012,0.9998557336550224
1.446412093102177,0.9802093593301343
1.4399285715356784,0.9878734039289049
1.4335029151750196,0.9770290383574967
1.4271343527943399,0.9999999109330419
1.4208221268123304,0.9999997939892261
1.414565492991812,0.9999999975318429
1.4083637201472166,0.9999999925936514
1.4022160898597327,0.9999999475062216
1.3961218961998725,0.9999999532621623
1.3900804454572495,0.9999993359613656
1.3840910558773365,0.9999991498459224
1.378153057405002,0.9999985933661858
1.3722657914346212,0.9999986440345047
1.3664286105665608,0.9999989632303318
1.3606408783698567,0.9999997871637124
1.3549019691508961,0.9999975504929344
1.3492112677279267,0.999989228839625
1.343568169211229,0.9999758041999972
1.3379720787887772,0.9998449968953231
1.3324224115172392,0.9999999183902105
1.326918592118153,0.999993910700159
1.3214600547791355,0.999965256703419
1.3160462429599764,0.9998464044827021
1.310676609203482,0.999995054889449
1.3053506149509273,0.9999990513540589
1.3000677303619912,0.9999775832019283
1.2948274341390476,0.9995586185509792
1.2896292133556855,0.999723207990292
1.2844725632893481,0.9999971789767836
1.2793569872579655,0.9999998169082841
1.2742819964604803,0.9999999546516821
1.2692471098211517,0.9999995582913113
1.2642518538375358,0.9999907865288361
1.2592957624320433,0.9999954282386031
1.2543783768069734,0.9999995404791
1.2494992453029319,0.999999367963903
1.24465792326054,0.999999144576108
1.2398539728853464,0.9999948851224577
1.2350869631158554,0.9999689042936921
1.2303564694945883,0.9999628243064642
1.2256620740420947,0.9983871710828672
1.2210033651338394,0.9998706082876355
1.216379937379886,0.9999859075289181
1.2117913915073015,0.9999351936745188
1.2072373342452152,0.9798851794283504
1.2027173782124587,0.9999997126711697
1.1982311418077198,0.9999999969569128
1.1937782491021478,0.9999999850033504
1.1893583297343406,0.9999999965784495
1.1849710188076612,0.9999999852568838
1.1806159567898142,0.9999998953395897
1.176292789414631,0.9999994769664317
1.1720011675860036,0.999999999786819
1.1677407472839163,0.9999999734280346
1.1635111894725154,0.99999996821496
1.1593121600101728,0.9999996861269644
1.1551433295614892,0.9999969086898464
1.1510043735111881,0.9999968276213098
1.1468949718798567,0.9999999893092829
1.1428148092414812,0.9999999485136738
1.1387635746427418,0.9999989202105416
1.1347409615240123,0.9999985350859161
1.1307466676420332,0.999997188343394
1.126780394994208,0.9999997900228024
1.1228418497444905,0.9999999777164444
1.1189307421508203,0.9999997364960187
1.115046786494067,0.9999993613437874
1.1111897010084526,0.9999997462757565
1.1073592078134107,0.9999999733744291
1.1035550328468522,0.9999999949951159
1.0997769057997993,0.9999999950306238
1.0960245600523602,0.9999998969013165
1.0922977326110077,0.9999998292228647
1.0885961640471356,0.999999943619186
1.084919598436857,0.9999999671916493
1.0812677833020221,0.9999999497706007
1.0776404695524209,0.999998412162469
1.0740374114291447,0.9999982248712312
1.0704583664490828,0.9999996621896441
1.066903095350522,0.9999921862283849
1.06337136203983,0.9998834534858696
1.0598629335391905,0.9999990116624751
1.0563775799353732,0.9999890613482237
1.0529150743295081,0.9999021321329263
1.0494751927878472,0.9998897266795044
1.0460577142934855,0.9999996972417322
1.0426624206990247,0.9999991688710624
1.0392890966801542,0.9999857604284882
1.0359375296901305,1.0
1.032607509915135,0.9999999538622639
1.02929883023049,0.9999999928706721
1.0260112861577124,1.0
1.022744675822392,0.9999999999718443
1.0194987999128649,0.9999999952723254
1.016273461639678,0.9999999932253698
1.0130684666958174,0.9999999626556995
1.0098836232176867,0.9999999972195132
1.0067187417468206,1.0
1.003573635192315,1.0
1.0004481187939593,0.999999998363302
0.997342010086056,0.9999999870192946
0.9942551288619119,0.9999999881189049
0.991187297138986,0.9999999991755348
0.9881383391246825,0.9999999995437271
0.9851080811827708,0.999999998158406
0.9820963518004235,0.9999999782780525
0.979102981555856,0.9999999581388852
0.9761278030865561,1.0
0.9731706510580925,0.9999999998043166
0.970231362133487,0.9999999990160757
0.9673097749431399,0.9999997960259407
0.9644057300552987,0.9999998507935592
0.9615190699470562,1.0
0.958649638975867,1.0
0.9557972833515751,0.9999999987347422
0.9529618511089364,0.9999999886542598
0.9501431920806306,0.999999994500452
0.9473411578707503,0.9999999585799784
0.9445556018287579,0.9999997152093496
0.9417863790238997,0.9999999967095369
0.9390333462200711,0.9999999770006572
0.9362963618511176,0.9999997916794975
0.9335752859965708,0.9999915149727803
0.9308699803578024,0.9999999779972636
0.9281803082345944,0.9999999805616457
0.9255061345021132,0.9999998838846719
0.9228473255882798,0.9999992712895144
0.9202037494515307,0.9999998748386969
0.9175752755589588,0.9999999998482264
0.9149617748648277,0.9999999991722132
0.9123631197894535,0.9999988100081045
0.9097791841984433,0.9999998556556479
0.9072098433822874,1.0
0.9046549740362958,1.0
0.9021144542408721,0.9999999974789406
0.8995881634421194,1.0
0.8970759824327721,1.0
0.8945777933334433,1.0
0.8920934795741889,1.0
0.8896229258763741,1.0
0.8871660182348432,0.9999999989991313
0.8847226439003825,0.9999999804893482
0.8822926913624723,0.9999999956438703
0.8798760503323235,0.9999999617982855
0.8774726117261908,0.9999995710766316
0.8750822676489594,0.9999997326024772
0.8727049113779989,0.999999643516275
0.8703404373472807,0.9999965704040571
0.8679887411317511,1.0
0.8656497194319583,0.9999999984460356
0.8633232700589273,0.9999999902828175
0.8610092919192776,1.0
0.8587076850005796,1.0
0.8564183503569458,1.0
0.854141190094851,0.9999999998325197
0.8518761073591788,0.9999999912212447
0.8496230063194896,1.0
0.8473817921565049,1.0
0.8451523710488068,1.0
0.8429346501597449,0.9999999998761081
0.8407285376245499,0.9999999976080218
0.8385339425376495,0.99999996078911
0.8363507749401807,1.0
0.8341789458076991,0.9999999860181382
0.8320183670380766,0.9999999917928243
0.8298689514395887,0.9999999944680266
0.8277306127191851,1.0
0.825603265470941,0.9999999983147922
0.8234868251646867,0.9999999984750993
0.8213812081348114,0.9999999949678526
0.8192863315692377,1.0
0.817202113498565,1.0
0.8151284727853786,1.0
0.8130653291137201,0.9999999997557798
0.811012602978718,0.9999999978276345
0.8089702156763752,0.9999999995202494
0.8069380892935092,1.0
0.8049161466978453,1.0
0.8029043115282567,1.0
0.8009025081851521,0.9999999945682402
0.7989106618210056,0.9999999929590885
0.7969286983310278,0.9999999752315547
0.7949565443439757,0.9999995776145411
0.7929941272130988,0.9999994459636974
0.7910413750072185,0.9999999241072421
0.7890982165019397,0.9999997933772804
0.7871645811709905,0.9999999756775579
0.7852403991776898,0.9999997402250405
0.7833256013665401,0.9999993816810191
0.7814201192549411,1.0
0.7795238850250272,1.0
0.7776368315156196,1.0
0.7757588922142983,1.0
0.7738900012495871,0.9999999932874558
0.7720300933832516,1.0
0.7701791040027078,1.0
0.7683369691135407,1.0
0.7665036253321279,1.0
0.7646790098783709,1.0
0.7628630605685284,1.0
0.7610557158081519,1.0
0.7592569145851219,0.9999999936541994
0.7574665964627822,0.9999999997682182
0.7556847015731708,1.0
0.753911170610347,1.0
0.7521459448238115,1.0
0.7503889660120187,1.0
0.7486401765159809,1.0
0.7468995192129598,1.0
0.7451669375102472,1.0
0.7434423753390319,1.0
0.7417257771483509,1.0
0.7400170878991252,0.9999999922171635
0.7383162530582769,1.0
0.7366232185929275,1.0
0.7349379309646764,1.0
0.7332603371239572,1.0
0.7315903845044712,1.0
0.7299280210176969,0.999999998989493
0.7282731950474739,0.9999999997877257
0.7266258554446611,0.9999999997505782
0.7249859515218658,0.9999999964423426
0.723353433048246,0.9999999884082496
0.7217282502443807,0.9999999805951755
0.7201103537772107,0.9999999779762215
0.7184996947550464,0.9999999828998292
0.7168962247226431,0.999999952481928
0.7152998956563419,0.9999999928447569
0.7137106599592744,0.9999999923118943
0.7121284704566334,0.9999999617732712
0.7105532803910038,0.9999996687921164
0.7089850434177573,0.9999999967692809
0.7074237136005067,0.9999999963211837
0.705869245406621,1.0
0.7043215937027991,1.0
0.7027807137507013,1.0
0.7012465612026387,1.0
0.6997190920973184,1.0
0.6981982628556443,1.0
0.6966840302765731,0.9999999996217438
0.6951763515330229,0.9999999990772392
0.6936751841678359,1.0
0.692180486089793,1.0
0.6906922155696796,1.0
0.6892103312364023,1.0
0.6877347920731554,1.0
0.6862655574136359,1.0
0.6848025869383089,1.0
0.6833458406707174,0.999999997821579
0.6818952789738426,0.9999999998974745
0.6804508625465084,1.0
0.6790125524198315,1.0
0.677580309953717,1.0
0.6761540968333984,1.0
0.6747338750660212,1.0
0.6733196069772682,1.0
0.6719112552080294,1.0
0.6705087827111111,0.9999999553817088
0.6691121527479886,0.999999999700419
0.6677213288855973,1.0
0.6663362749931647,0.999999999784717
0.6649569552390826,0.9999999999618433
0.6635833340878156,0.9999999760758225
0.6622153762968507,0.999999990579582
0.6608530469136827,0.9999999215789894
0.6594963112728371,0.9999999992344427
0.65814513499293,0.9999999969273924
0.656799483973764,0.999999927773392
0.655459324393459,1.0
0.6541246227056188,1.0
0.6527953456365321,0.9999999981643611
0.6514714601824071,0.9999999982031165
0.6501529336066405,0.9999997899501453
0.6488397334371188,1.0
0.6475318274635524,1.0
0.6462291837348423,1.0
0.6449317705564784,1.0
0.6436395564879686,0.9999999999039114
0.6423525103402992,0.9999999988228094
0.6410706011734256,1.0
0.639793798293793,1.0
0.6385220712518868,1.0
0.6372553898398114,1.0
0.6359937240888994,1.0
0.6347370442673469,1.0
0.6334853208778788,1.0
0.6322385246554408,0.999999999961214
0.6309966265649183,0.9999999999645489
0.6297595977988828,0.999999938541639
0.6285274097753643,0.9999999983645337
0.6273000341356497,1.0
0.6260774427421081,1.0
0.6248596076760393,1.0
0.6236465012355495,1.0
0.6224380959334509,1.0
0.6212343644951848,0.999999998655293
0.6200352798567704,0.9999999999839589
0.6188408151627761,1.0
0.6176509437643143,1.0
0.6164656392170603,1.0
0.6152848752792925,0.9999999997573376
0.6141086259099562,1.0
0.6129368652667488,0.9999999999933556
0.611769567704228,0.9999999987404082
0.6106067077719395,0.9999999994942561
0.6094482602125691,0.9999999971191982
0.6082941999601125,1.0
0.6071445021380683,1.0
0.6059991420576497,0.9999999979434303
0.6048580952160185,0.9999999995436879
0.6037213372945367,1.0
0.6025888441570387,1.0
0.6014605918481245,1.0
0.6003365565914687,1.0
0.5992167147881517,1.0
0.5981010430150073,1.0
0.5969895180229905,0.9999999999078681
0.5958821167355615,1.0
0.5947788162470893,1.0
0.5936795938212724,1.0
0.5925844268895767,1.0
0.5914932930496913,1.0
0.5904061700640008,1.0
0.5893230358580741,1.0
0.5882438685191714,0.9999999472469565
0.5871686462947655,0.9999999998472777
0.5860973475910803,0.9999999998461306
0.585029950971646,0.9999999999012738
0.5839664351558681,0.9999999997356792
0.5829067790176145,0.9999999972593244
0.5818509615838153,1.0
0.5807989620330802,1.0
0.5797507596943292,1.0
0.5787063340454384,0.9999999906182762
0.5776656647119013,1.0
0.576628731465504,1.0
0.5755955142230134,1.0
0.5745659930448823,1.0
0.573540148133965,1.0
0.57251795983425,1.0
0.5714994086296031,1.0
0.5704844751425261,1.0
0.5694731401329278,1.0
0.5684653844969084,1.0
0.5674611892655563,1.0
0.5664605356037578,1.0
0.56546340480902,0.9999999999922845
0.5644697783103055,0.9999999983982725
0.5634796376668786,1.0
0.5624929645671659,1.0
0.5615097408276262,1.0
0.5605299483916342,1.0
0.559553569328375,1.0
0.5585805858317497,1.0
0.5576109802192941,0.9999999997824706
0.5566447349311063,1.0
0.5556818325287876,1.0
0.5547222556943927,1.0
0.5537659872293917,1.0
0.5528130100536433,1.0
0.5518633072043763,1.0
0.5509168618351847,0.9999999998924431
0.549973657215031,0.9999999995828531
0.54903367672726,1.0
0.5480969038686233,1.0
0.5471633222483133,0.9999999998723524
0.5462329155870077,0.9999999997731318
0.5453056677159227,1.0
0.5443815625758764,0.9999999999946267
0.5434605842163621,1.0
0.54254271679463,0.9999999996336667
0.5416279445747795,0.999999999393704
0.540716251926859,1.0
0.5398076233259768,1.0
0.538902043351419,1.0
0.5379994966857773,1.0
0.5370999681140856,1.0
0.5362034425229648,1.0
0.5353099048997767,1.0
0.5344193403317857,1.0
0.5335317340053289,0.9999999996307541
0.5326470712049957,1.0
0.5317653373128133,1.0
0.5308865178074426,1.0
0.5300105982633806,1.0
0.5291375643501708,1.0
0.5282674018316225,1.0
0.527400096565036,1.0
0.5265356345004368,1.0
0.5256740016798178,1.0
0.524815184236386,1.0
0.5239591683938208,1.0
0.5231059404655358,0.9999999962957751
0.5222554868539504,1.0
0.5214077940497666,1.0
0.5205628486312542,1.0
0.5197206372635428,1.0
0.518881146697919,1.0
0.5180443637711332,1.0
0.5172102754047102,0.999999999438102
0.5163788686042692,0.9999999989523206
0.5155501304588479,1.0
0.5147240481402348,1.0
0.5139006089023067,1.0
0.5130798000803739,1.0
0.5122616090905303,1.0
0.5114460234290106,1.0
0.5106330306715532,1.0
0.5098226184727696,1.0
0.5090147745655186,1.0
0.5082094867602889,1.0
0.5074067429445845,1.0
0.5066065310823185,1.0
0.5058088392132105,1.0
0.5050136554521918,1.0
0.5042209679888141,1.0
0.5034307650866661,1.0
0.5026430350827924,0.9999999995551234
0.5018577663871218,1.0
0.5010749474818968,1.0
0.5002945669211126,1.0
0.4995166133299574,1.0
0.49874107540426055,1.0
0.49796794190994526,1.0
0.4971972016824855,1.0
0.49642884362636924,1.0
0.49566285671456545,1.0
0.49489922998799696,1.0
0.49413795255501775,1.0
0.4933790135908948,1.0
0.4926224023372956,1.0
0.4918681081017792,1.0
0.49111612025729295,1.0
0.4903664282416733,1.0
0.4896190215571511,1.0
0.4888738897698619,1.0
0.48813102250936,1.0
0.4873904094681381,1.0
0.4866520404011497,1.0
0.48591590512533706,1.0
0.4851819935191634,1.0
0.48445029552214824,1.0
0.4837208011344086,1.0
0.48299350041620254,1.0
0.48226838348747847,1.0
0.4815454405274275,1.0
0.48082466177403965,1.0
0.4801060375236652,1.0
0.4793895581305786,1.0
0.47867521400654717,1.0
0.4779629956204036,1.0
0.4772528934976214,1.0
0.4765448982198956,1.0
0.4758390004247255,1.0
0.4751351908050027,1.0
0.4744334601086018,1.0
0.4737337991379746,1.0
0.4730361987497489,1.0
0.4723406498543296,1.0
0.4716471434155045,1.0
0.47095567045005254,1.0
0.4702662220273559,1.0
0.4695787892690161,1.0
0.4688933633484719,1.0
0.4682099354906226,1.0
0.467528496971453,1.0
0.46684903911766185,1.0
0.4661715533062948,1.0
0.4654960309643786,1.0
0.46482246356856033,1.0
0.4641508426447484,1.0
0.46348115976775733,1.0
0.4628134065609556,1.0
0.4621475746959161,1.0
0.4614836558920701,1.0
0.4608216419163637,1.0
0.46016152458291804,1.0
0.45950329575269133,1.0
0.45884694733314463,1.0
0.45819247127791024,1.0
0.45753985958646254,1.0
0.4568891043037926,1.0
0.4562401975200844,1.0
0.4555931313703944,1.0
0.4549478980343344,1.0
0.45430448973575543,1.0
0.45366289874243637,1.0
0.45302311736577366,1.0
0.45238513796047425,1.0
0.45174895292425116,1.0
0.4511145546975214,1.0
0.45048193576310674,1.0
0.4498510886459364,1.0
0.44922200591275324,1.0
0.4485946801718212,1.0
0.4479691040726359,1.0
0.4473452703056382,1.0
0.44672317160192837,1.0
0.44610280073298475,1.0
0.4454841505103834,1.0
0.44486721378552035,1.0
0.44425198344933636,1.0
0.44363845243204375,1.0
0.44302661370285595,1.0
0.44241646026971865,1.0
0.4418079851790431,1.0
0.4412011815154428,1.0
0.44059604240147077,1.0
0.43999256099736006,1.0
0.4393907305007661,1.0
0.43879054414651086,1.0
0.43819199520632957,1.0
0.4375950769886192,1.0
0.4369997828381892,1.0
0.436406106136014,1.0
0.4358140402989878,1.0
0.4352235787796813,1.0
0.4346347150661001,1.0
0.43404744268144557,1.0
0.43346175518387725,1.0
0.43287764616627733,1.0
0.4322951092560173,1.0
0.4317141381147253,1.0
0.43113472643805767,1.0
0.4305568679554693,1.0
0.4299805564299889,1.0
0.4294057856579936,1.0
0.4288325494689866,1.0
0.42826084172537665,1.0
0.4276906563222587,1.0
0.42712198718719685,1.0
0.42655482828000835,1.0
0.4259891735925502,1.0
0.4254250171485067,1.0
0.4248623530031792,1.0
0.4243011752432771,1.0
0.42374147798671086,1.0
0.42318325538238616,1.0
0.42262650161000054,1.0
0.4220712108798407,1.0
0.42151737743258183,1.0
0.4209649955390888,1.0
0.4204140595002181,1.0
0.41986456364662256,1.0
0.41931650233855605,1.0
0.4187698699656812,1.0
0.41822466094687755,1.0
0.4176808697300518,1.0
0.4171384907919495,1.0
0.41659751863796746,1.0
0.416057947801969,1.0
0.41551977284609914,1.0
0.4149829883606024,1.0
0.4144475889636413,1.0
0.4139135693011166,1.0
0.41338092404648874,1.0
0.4128496479006007,1.0
0.4123197355915024,1.0
0.41179118187427655,1.0
0.4112639815308648,1.0
0.41073812936989695,1.0
0.4102136202265199,1.0
0.4096904489622291,1.0
0.40916861046470004,1.0
0.4086480996476224,1.0
0.4081289114505346,1.0
0.40761104083865946,1.0
0.40709448280274196,1.0
0.4065792323588873,1.0
0.406065284548401,1.0
0.40555263443762957,1.0
0.4050412771178026,1.0
0.4045312077048762,1.0
0.4040224213393776,1.0
0.40351491318625066,1.0
0.40300867843470284,1.0
0.4025037122980528,1.0
0.4020000100135803,1.0
